host_time_s,device_timestamp,status,Fx,Fy,Fz,Mx,My,Mz,temperature_C
1765409531.8860872,13312,0,18.672500610351562,85.64120483398438,-15.344257354736328,0.7234640717506409,-0.3076610863208771,0.0011349916458129883,29.020099639892578
1765409531.886309,18664,0,18.831966400146484,85.58506774902344,-15.385387420654297,0.7207671403884888,-0.3103470504283905,0.0008080005645751953,29.020099639892578
1765409531.886541,23970,0,18.66490936279297,85.72547149658203,-15.343920707702637,0.7238080501556396,-0.3086370527744293,0.0007460117340087891,29.020099639892578
1765409531.8866796,29323,0,18.707874298095703,85.55500030517578,-15.364264488220215,0.7208471298217773,-0.30883803963661194,-5.4001808166503906e-05,29.020099639892578
1765409531.8868163,34676,0,18.7774658203125,85.57473754882812,-15.364019393920898,0.7216931581497192,-0.3100120425224304,0.001488029956817627,29.020099639892578
1765409531.8869514,39982,0,18.707590103149414,85.50209045410156,-15.320857048034668,0.7198191285133362,-0.3081250488758087,0.0004630088806152344,29.020099639892578
1765409531.8871126,45335,0,18.646610260009766,85.52750396728516,-15.387537002563477,0.7200921773910522,-0.30668604373931885,0.0003000199794769287,29.020099639892578
1765409531.8873005,50688,0,18.69549560546875,85.6068344116211,-15.430115699768066,0.7214341163635254,-0.3093840777873993,0.0012960433959960938,29.020099639892578
1765409531.887464,55994,0,18.750743865966797,85.61380767822266,-15.34386157989502,0.7218930721282959,-0.30792203545570374,0.0014860033988952637,29.020099639892578
1765409531.887635,61346,0,18.600452423095703,85.41943359375,-15.256025314331055,0.7188801169395447,-0.3068050444126129,0.0013020038604736328,29.020099639892578
1765409531.8878024,66699,0,18.74806022644043,85.54618072509766,-15.363516807556152,0.72138512134552,-0.3103640675544739,0.0011419951915740967,29.020099639892578
1765409531.8879557,72005,0,18.729610443115234,85.6782455444336,-15.408650398254395,0.7232770919799805,-0.3094320595264435,0.0009570121765136719,29.020099639892578
1765409531.9529593,77358,0,18.846351623535156,85.58331298828125,-15.319262504577637,0.7207591533660889,-0.3112180531024933,0.0009559988975524902,29.020099639892578
1765409531.9533484,82664,0,18.888961791992188,85.49433898925781,-15.361825942993164,0.719555139541626,-0.31209805607795715,0.001162022352218628,29.020099639892578
1765409531.9534912,88017,0,18.676925659179688,85.49705505371094,-15.254619598388672,0.7197850942611694,-0.30915307998657227,0.0005950033664703369,29.020099639892578
1765409531.9536302,93370,0,18.715221405029297,85.76766204833984,-15.2779541015625,0.7249170541763306,-0.3095870614051819,0.0005620121955871582,29.020099639892578
1765409531.953768,98676,0,18.797582626342773,85.5141830444336,-15.384557723999023,0.7193590998649597,-0.3109930455684662,0.0011389851570129395,29.020099639892578
1765409531.953905,104029,0,18.717132568359375,85.48591613769531,-15.32046127319336,0.7190160751342773,-0.3085990846157074,0.0007949769496917725,29.020099639892578
1765409531.9540427,109381,0,18.82583999633789,85.6528091430664,-15.428600311279297,0.7225980758666992,-0.3120180666446686,0.0014719963073730469,29.020099639892578
1765409531.9541829,114688,0,18.64031410217285,85.67010498046875,-15.475299835205078,0.7219201326370239,-0.30766403675079346,0.0009489953517913818,29.020099639892578
1765409531.954321,120040,0,18.652612686157227,85.57235717773438,-15.34385871887207,0.7220660448074341,-0.3077760338783264,0.0016469955444335938,29.020099639892578
1765409531.9544575,125393,0,18.641921997070312,85.73982238769531,-15.366473197937012,0.7241681218147278,-0.30799803137779236,0.001260995864868164,29.020099639892578
1765409531.9545946,130699,0,18.724365234375,85.63644409179688,-15.386030197143555,0.7226121425628662,-0.31042006611824036,0.0016260147094726562,29.020099639892578
1765409531.9547548,136052,0,18.628774642944336,85.57696533203125,-15.277457237243652,0.7215170860290527,-0.30855605006217957,0.0005820095539093018,29.020099639892578
1765409531.9548924,141358,0,18.791690826416016,85.57730102539062,-15.342155456542969,0.7221381068229675,-0.3101750612258911,0.0016610026359558105,29.020099639892578
1765409532.0221558,146711,0,18.7498836517334,85.48939514160156,-15.363529205322266,0.7194830775260925,-0.30969905853271484,0.0011479854583740234,29.020099639892578
1765409532.022696,152064,0,18.73821258544922,85.60931396484375,-15.342409133911133,0.7218800783157349,-0.3098880648612976,0.001287996768951416,29.020099639892578
1765409532.0230212,157370,0,18.672006607055664,85.53427124023438,-15.343245506286621,0.7191360592842102,-0.30804502964019775,0.0017920136451721191,29.020099639892578
1765409532.0233536,162722,0,18.698680877685547,85.52043151855469,-15.277105331420898,0.7214951515197754,-0.3090360462665558,0.0016450285911560059,28.913925170898438
1765409532.0236804,168075,0,18.738811492919922,85.52961730957031,-15.275897026062012,0.7209950685501099,-0.3105950355529785,0.0012860000133514404,29.020099639892578
1765409532.0239978,173381,0,18.739309310913086,85.53377532958984,-15.342592239379883,0.721014142036438,-0.30919206142425537,0.0018290281295776367,29.020099639892578
1765409532.0243325,178734,0,18.731861114501953,85.57539367675781,-15.408019065856934,0.7221190929412842,-0.3094620406627655,0.000987023115158081,29.020099639892578
1765409532.024665,184087,0,18.675477981567383,85.55711364746094,-15.343454360961914,0.7212700843811035,-0.3077220320701599,0.0006299912929534912,29.020099639892578
1765409532.0249999,189393,0,18.68463134765625,85.54055786132812,-15.342910766601562,0.720466136932373,-0.3081970512866974,0.0004520118236541748,29.020099639892578
1765409532.025322,194746,0,18.667160034179688,85.62261962890625,-15.34328842163086,0.7226501107215881,-0.30866706371307373,0.0007760226726531982,29.020099639892578
1765409532.0256386,200052,0,18.766189575195312,85.4639663696289,-15.385580062866211,0.7187671065330505,-0.3091990351676941,0.0013360083103179932,29.020099639892578
1765409532.025955,205405,0,18.69617462158203,85.65081024169922,-15.343646049499512,0.7229570746421814,-0.30831605195999146,0.0006120204925537109,29.020099639892578
1765409532.0262759,210757,0,18.796133041381836,85.66189575195312,-15.276573181152344,0.7224761247634888,-0.3105880618095398,0.0009270012378692627,29.020099639892578
1765409532.0958998,216064,0,18.722232818603516,85.52914428710938,-15.298640251159668,0.7205520868301392,-0.3089980483055115,0.0006200075149536133,29.020099639892578
1765409532.0965722,221416,0,18.680131912231445,85.5517349243164,-15.32248306274414,0.7222311496734619,-0.30670005083084106,0.000997006893157959,29.020099639892578
1765409532.0970235,226769,0,18.63098907470703,85.52055358886719,-15.277610778808594,0.7196160554885864,-0.3078900873661041,0.0010980069637298584,29.020099639892578
1765409532.0974746,232075,0,18.76268768310547,85.57611846923828,-15.429998397827148,0.7217000722885132,-0.3091420829296112,0.0008299946784973145,29.020099639892578
1765409532.0979142,237428,0,18.760913848876953,85.54205322265625,-15.276451110839844,0.7204921245574951,-0.30981406569480896,0.0012900233268737793,29.020099639892578
1765409532.0983558,242781,0,18.562034606933594,85.63707733154297,-15.257973670959473,0.7238291501998901,-0.30629605054855347,0.0014420151710510254,29.020099639892578
1765409532.0987918,248087,0,18.690731048583984,85.47512817382812,-15.233107566833496,0.7199420928955078,-0.3086060583591461,0.0007839798927307129,29.020099639892578
1765409532.09923,253440,0,18.718639373779297,85.46418762207031,-15.341903686523438,0.7196141481399536,-0.3093090355396271,0.0013210177421569824,29.020099639892578
1765409532.099662,258746,0,18.82246971130371,85.46915435791016,-15.253571510314941,0.7200921177864075,-0.31056106090545654,0.0009830296039581299,29.020099639892578
1765409532.1000946,264098,0,18.72290802001953,85.5824203491211,-15.342190742492676,0.7215811014175415,-0.3097100555896759,0.0006130337715148926,29.020099639892578
1765409532.1005344,269451,0,18.80398178100586,85.52867126464844,-15.406362533569336,0.7197321653366089,-0.31073102355003357,-4.0978193283081055e-05,29.020099639892578
1765409532.1009636,274757,0,18.799165725708008,85.61612701416016,-15.386041641235352,0.722365140914917,-0.3099280595779419,0.0009829998016357422,29.020099639892578
1765409532.1014006,280110,0,18.823707580566406,85.54550170898438,-15.341208457946777,0.7205380797386169,-0.3105960488319397,0.0004659891128540039,29.020099639892578
1765409532.1018314,285463,0,18.695770263671875,85.62342834472656,-15.255297660827637,0.7230870723724365,-0.30970102548599243,0.0010969936847686768,29.020099639892578
1765409532.1652288,290769,0,18.73908042907715,85.58541870117188,-15.408001899719238,0.721605122089386,-0.3092130720615387,0.0003000199794769287,29.020099639892578
1765409532.1658347,296122,0,18.857454299926758,85.72772216796875,-15.363574981689453,0.7253140807151794,-0.31201907992362976,0.0011340081691741943,29.020099639892578
1765409532.1662738,301474,0,18.556182861328125,85.47322845458984,-15.366011619567871,0.7199010848999023,-0.30627205967903137,0.0013119876384735107,29.020099639892578
1765409532.1666157,306781,0,18.745288848876953,85.46745300292969,-15.254937171936035,0.720054030418396,-0.30890804529190063,0.001659005880355835,29.020099639892578
1765409532.1669867,312133,0,18.828598022460938,85.66879272460938,-15.386045455932617,0.7229601144790649,-0.3102870285511017,0.0008029937744140625,29.020099639892578
1765409532.1674316,317440,0,18.816593170166016,85.62693786621094,-15.210956573486328,0.7227020859718323,-0.3104690611362457,0.0009390115737915039,29.020099639892578
1765409532.1678658,322792,0,18.68273162841797,85.64898681640625,-15.365799903869629,0.7225141525268555,-0.3081510365009308,0.0014590024948120117,29.020099639892578
1765409532.1683068,328145,0,18.86014747619629,85.59071350097656,-15.319364547729492,0.7220921516418457,-0.31136706471443176,0.0011460185050964355,29.020099639892578
1765409532.1687381,333451,0,18.783842086791992,85.63276672363281,-15.297911643981934,0.7217411398887634,-0.31114906072616577,0.0012630224227905273,29.020099639892578
1765409532.1691775,338804,0,18.820178985595703,85.57721710205078,-15.276314735412598,0.7221391201019287,-0.3105160593986511,0.001480013132095337,28.913925170898438
1765409532.1696093,344157,0,18.69939613342285,85.62483215332031,-15.408357620239258,0.7226800918579102,-0.3090750277042389,0.0001170039176940918,29.020099639892578
1765409532.1700423,349463,0,18.704116821289062,85.43803405761719,-15.341974258422852,0.7193170785903931,-0.3091290295124054,0.0016660094261169434,29.020099639892578
1765409532.1704829,354816,0,18.869260787963867,85.57937622070312,-15.340933799743652,0.7221771478652954,-0.31182706356048584,0.0014950037002563477,29.020099639892578
1765409532.2396111,360168,0,18.784263610839844,85.50394439697266,-15.254544258117676,0.7198461294174194,-0.3097410500049591,0.001810997724533081,29.020099639892578
1765409532.240205,365474,0,18.813858032226562,85.56741333007812,-15.341423034667969,0.7226651310920715,-0.31080102920532227,0.000652998685836792,29.020099639892578
1765409532.2406473,370827,0,18.77452850341797,85.65362548828125,-15.342714309692383,0.7229981422424316,-0.3099660575389862,0.0014659762382507324,29.020099639892578
1765409532.2410798,376133,0,18.801307678222656,85.83810424804688,-15.364814758300781,0.7259260416030884,-0.310992032289505,0.0007470250129699707,29.020099639892578
1765409532.241517,381486,0,18.686059951782227,85.57046508789062,-15.387252807617188,0.7212101221084595,-0.3081960380077362,0.0019910037517547607,29.020099639892578
1765409532.241948,386839,0,18.73275375366211,85.4365234375,-15.320572853088379,0.7184470891952515,-0.30808305740356445,0.0009909868240356445,29.020099639892578
1765409532.2423825,392145,0,18.81488609313965,85.66749572753906,-15.385907173156738,0.722952127456665,-0.31081604957580566,0.0016420185565948486,29.020099639892578
1765409532.2428145,397498,0,18.775691986083984,85.59700012207031,-15.32028579711914,0.7215300798416138,-0.3099960386753082,0.0009540021419525146,29.020099639892578
1765409532.243251,402850,0,18.825698852539062,85.5572509765625,-15.450957298278809,0.7223311066627502,-0.31059905886650085,0.0015360116958618164,29.020099639892578
1765409532.2436807,408157,0,18.635181427001953,85.64920806884766,-15.322121620178223,0.7233611345291138,-0.30826106667518616,0.0014439821243286133,29.020099639892578
1765409532.244112,413509,0,18.818178176879883,85.45079040527344,-15.275182723999023,0.7188451290130615,-0.31087106466293335,0.0016520321369171143,29.020099639892578
1765409532.2445493,418862,0,18.791778564453125,85.496337890625,-15.29764461517334,0.7208161354064941,-0.3101900517940521,0.0006470084190368652,29.020099639892578
1765409532.2449775,424168,0,18.791297912597656,85.5769271850586,-15.342010498046875,0.7221370935440063,-0.3101760745048523,0.0011509954929351807,29.020099639892578
1765409532.2454152,429521,0,18.757278442382812,85.62629699707031,-15.254816055297852,0.7231200933456421,-0.3104480803012848,0.0012769997119903564,29.020099639892578
1765409532.3089662,434827,0,18.82496452331543,85.60964965820312,-15.210124015808105,0.7218961715698242,-0.3109460175037384,-0.00025898218154907227,29.020099639892578
1765409532.3096118,440180,0,18.596202850341797,85.41096496582031,-15.386663436889648,0.7194210290908813,-0.307123064994812,0.0004909932613372803,29.020099639892578
1765409532.310052,445533,0,18.834983825683594,85.59994506835938,-15.209835052490234,0.7224191427230835,-0.31209707260131836,0.0016120076179504395,29.020099639892578
1765409532.3104954,450839,0,18.705127716064453,85.64378356933594,-15.409473419189453,0.7234950661659241,-0.30806806683540344,0.0009859800338745117,29.020099639892578
1765409532.3109334,456192,0,18.855770111083984,85.52501678466797,-15.362336158752441,0.7211521863937378,-0.31168004870414734,0.0008270144462585449,29.020099639892578
1765409532.3113756,461544,0,18.77231216430664,85.71004486083984,-15.342555046081543,0.7248990535736084,-0.3106320798397064,0.0009499788284301758,29.020099639892578
1765409532.3118076,466850,0,18.73796272277832,85.50996398925781,-15.298215866088867,0.7215951085090637,-0.3098710775375366,0.0013189911842346191,29.020099639892578
1765409532.3122654,472203,0,18.81562042236328,85.61570739746094,-15.385446548461914,0.7223721146583557,-0.31083205342292786,0.0011470019817352295,29.020099639892578
1765409532.3127022,477556,0,18.780887603759766,85.67332458496094,-15.386627197265625,0.7242600917816162,-0.30968907475471497,0.0008129775524139404,29.020099639892578
1765409532.313144,482862,0,18.912689208984375,85.62992858886719,-15.274665832519531,0.7227631211280823,-0.313058078289032,0.0009530186653137207,29.020099639892578
1765409532.3135767,488215,0,18.747697830200195,85.68890380859375,-15.256001472473145,0.7231800556182861,-0.30927804112434387,0.0014310181140899658,29.020099639892578
1765409532.3140085,493568,0,18.67495346069336,85.5288314819336,-15.277256965637207,0.7209640741348267,-0.3084140419960022,0.0006129741668701172,29.020099639892578
1765409532.3144486,498874,0,18.83217430114746,85.50499725341797,-15.318727493286133,0.7198811173439026,-0.3110550343990326,0.00029599666595458984,29.020099639892578
1765409532.378576,504226,0,18.676177978515625,85.5105209350586,-15.365105628967285,0.7215791344642639,-0.3077230453491211,0.000661998987197876,29.020099639892578
1765409532.3792007,509533,0,18.879379272460938,85.51571655273438,-15.384331703186035,0.7212470769882202,-0.31160905957221985,0.0013570189476013184,29.020099639892578
1765409532.3796628,514885,0,18.717445373535156,85.64070129394531,-15.277820587158203,0.7234720587730408,-0.30890607833862305,0.001118004322052002,29.020099639892578
1765409532.3801,520238,0,18.890121459960938,85.72509765625,-15.40667724609375,0.7244560718536377,-0.31244105100631714,0.00045803189277648926,29.020099639892578
1765409532.3805401,525544,0,18.7987003326416,85.48277282714844,-15.275834083557129,0.7204501032829285,-0.30992403626441956,0.0004779994487762451,29.020099639892578
1765409532.3809752,530897,0,18.72526741027832,85.48336029052734,-15.408110618591309,0.7204411029815674,-0.3083380460739136,0.0006760060787200928,28.913925170898438
1765409532.3814359,536250,0,18.808622360229492,85.49628448486328,-15.29719352722168,0.720824122428894,-0.3110930621623993,0.0013210177421569824,29.020099639892578
1765409532.3818684,541556,0,18.777915954589844,85.5263671875,-15.42996597290039,0.7211301326751709,-0.30862703919410706,0.0005160272121429443,28.913925170898438
1765409532.3823078,546909,0,18.824811935424805,85.67170715332031,-15.27724552154541,0.7238200902938843,-0.31020504236221313,0.0018080174922943115,29.020099639892578
1765409532.3827393,552261,0,18.983882904052734,85.573974609375,-15.33955192565918,0.7227541208267212,-0.31357303261756897,0.0010119974613189697,29.020099639892578
1765409532.3831768,557568,0,18.635805130004883,85.56719970703125,-15.322198867797852,0.721169114112854,-0.30688807368278503,0.00044602155685424805,29.020099639892578
1765409532.383606,562920,0,18.825464248657227,85.61381530761719,-15.27682113647461,0.7219151258468628,-0.30954304337501526,0.00028401613235473633,29.020099639892578
1765409532.384045,568226,0,18.615867614746094,85.57410430908203,-15.344197273254395,0.7202041149139404,-0.30700305104255676,0.001444995403289795,29.020099639892578
1765409532.3844845,573579,0,18.92353057861328,85.58502197265625,-15.317895889282227,0.7207971215248108,-0.3128710985183716,0.00028002262115478516,28.913925170898438
1765409532.4519134,578932,0,18.81674575805664,85.56427001953125,-15.385129928588867,0.7217931151390076,-0.31084704399108887,0.0011619925498962402,29.020099639892578
1765409532.4524834,584238,0,18.552549362182617,85.59870147705078,-15.323054313659668,0.7208971381187439,-0.306225061416626,0.0012580156326293945,29.020099639892578
1765409532.4529262,589591,0,18.84051513671875,85.41656494140625,-15.338603019714355,0.7172490954399109,-0.3132890462875366,0.0012950003147125244,29.020099639892578
1765409532.4533708,594944,0,18.703205108642578,85.45061492919922,-15.254307746887207,0.7173781394958496,-0.30914106965065,0.001098036766052246,29.020099639892578
1765409532.4538007,600250,0,18.70821762084961,85.6311264038086,-15.386811256408691,0.7212811708450317,-0.30883705615997314,0.0009430050849914551,29.020099639892578
1765409532.45424,605602,0,18.72320556640625,85.60600280761719,-15.363986015319824,0.7214331030845642,-0.3097270429134369,9.500980377197266e-05,29.020099639892578
1765409532.4546697,610909,0,18.610137939453125,85.68923950195312,-15.367348670959473,0.7235751152038574,-0.30620506405830383,0.0009480118751525879,29.020099639892578
1765409532.4551032,616261,0,18.741252899169922,85.62187957763672,-15.23344612121582,0.7222250699996948,-0.30955806374549866,0.0010960102081298828,29.020099639892578
1765409532.455538,621614,0,18.71728515625,85.51092529296875,-15.297815322875977,0.7197390794754028,-0.3100030720233917,0.0007710158824920654,28.913925170898438
1765409532.455965,626920,0,18.74363899230957,85.54693603515625,-15.298869132995605,0.721372127532959,-0.3088970482349396,0.0006330013275146484,29.020099639892578
1765409532.456404,632273,0,18.742738723754883,85.61235046386719,-15.473611831665039,0.7219110727310181,-0.30995306372642517,0.001829981803894043,29.020099639892578
1765409532.4568303,637626,0,18.827775955200195,85.61692810058594,-15.298054695129395,0.7228021621704102,-0.31096208095550537,0.0013040006160736084,29.020099639892578
1765409532.4572673,642932,0,18.852588653564453,85.54579162597656,-15.2755126953125,0.7205401062965393,-0.3109360635280609,0.0007950067520141602,29.020099639892578
1765409532.520814,648285,0,18.759933471679688,85.55082702636719,-15.342533111572266,0.7218321561813354,-0.30909302830696106,0.0008220076560974121,29.020099639892578
1765409532.5214374,653637,0,18.7082462310791,85.58960723876953,-15.146475791931152,0.7210171222686768,-0.30845606327056885,0.0007340312004089355,29.020099639892578
1765409532.5219522,658944,0,18.772262573242188,85.51841735839844,-15.189266204833984,0.7206331491470337,-0.3092350661754608,0.000952988862991333,29.020099639892578
1765409532.5223954,664296,0,18.821857452392578,85.57817077636719,-15.341696739196777,0.7221530675888062,-0.3105500638484955,0.0009860098361968994,29.020099639892578
1765409532.5228333,669602,0,18.809097290039062,85.74430847167969,-15.298783302307129,0.7242401838302612,-0.31073907017707825,0.0005840063095092773,29.020099639892578
1765409532.5232804,674955,0,18.573402404785156,85.62043762207031,-15.367398262023926,0.722169041633606,-0.3054170608520508,0.0007860064506530762,29.020099639892578
1765409532.5237167,680308,0,18.841936111450195,85.5228271484375,-15.384346961975098,0.7207081317901611,-0.31151604652404785,0.0011639893054962158,29.020099639892578
1765409532.5241582,685614,0,18.816463470458984,85.56769561767578,-15.451537132263184,0.7218101024627686,-0.3094460666179657,0.0006850063800811768,29.020099639892578
1765409532.5247104,690967,0,18.83260154724121,85.6435546875,-15.4510498046875,0.7226850986480713,-0.3110440671443939,0.0013279914855957031,29.020099639892578
1765409532.5251613,696320,0,18.74134063720703,85.39691925048828,-15.275943756103516,0.7182261347770691,-0.3092350661754608,0.001323014497756958,29.020099639892578
1765409532.5255966,701626,0,18.7652530670166,85.66928100585938,-15.36540412902832,0.7233661413192749,-0.30879804491996765,0.0011419951915740967,29.020099639892578
1765409532.5260496,706978,0,18.967824935913086,85.69874572753906,-15.361695289611816,0.7237551212310791,-0.3140900433063507,0.0007929801940917969,29.020099639892578
1765409532.5265033,712331,0,18.898508071899414,85.73623657226562,-15.40709400177002,0.723945140838623,-0.3121890723705292,0.0013009905815124512,29.020099639892578
1765409532.5947907,717637,0,18.848724365234375,85.53768920898438,-15.406294822692871,0.7210820913314819,-0.31125304102897644,0.0004940032958984375,29.020099639892578
1765409532.5953653,722990,0,18.81911277770996,85.5235595703125,-15.232616424560547,0.72110915184021,-0.3098050653934479,0.0009770095348358154,29.020099639892578
1765409532.5958145,728343,0,18.900875091552734,85.69552612304688,-15.254582405090332,0.7232611179351807,-0.3111470937728882,0.0011160075664520264,29.020099639892578
1765409532.5962577,733649,0,18.671558380126953,85.58844757080078,-15.278414726257324,0.7228701114654541,-0.30764302611351013,0.0011340081691741943,29.020099639892578
1765409532.5966966,739002,0,18.937368392944336,85.4432144165039,-15.382892608642578,0.7185641527175903,-0.31269705295562744,0.001184016466140747,29.020099639892578
1765409532.597143,744308,0,18.742055892944336,85.57908630371094,-15.321647644042969,0.7225520610809326,-0.3081570565700531,0.0011610090732574463,29.020099639892578
1765409532.5975754,749661,0,18.70238494873047,85.58917236328125,-15.300392150878906,0.7224510908126831,-0.30732306838035583,0.0009770095348358154,29.020099639892578
1765409532.5980062,755013,0,18.827655792236328,85.61604309082031,-15.320201873779297,0.7223660945892334,-0.3102690577507019,0.0008020102977752686,29.020099639892578
1765409532.5984428,760320,0,18.94468879699707,85.50346374511719,-15.273930549621582,0.7213321328163147,-0.3127530515193939,0.00032401084899902344,29.020099639892578
1765409532.5988765,765672,0,18.676319122314453,85.45277404785156,-15.29973316192627,0.719663143157959,-0.3070240318775177,0.001162022352218628,29.020099639892578
1765409532.5993145,771025,0,18.6497859954834,85.47041320800781,-15.256139755249023,0.7213290929794312,-0.30703407526016235,0.0006500184535980225,29.020099639892578
1765409532.599744,776331,0,18.668258666992188,85.54708862304688,-15.343472480773926,0.7217841148376465,-0.3079710304737091,0.0013170242309570312,29.020099639892578
1765409532.6001782,781684,0,18.788028717041016,85.4940414428711,-15.166733741760254,0.7207871675491333,-0.3101230561733246,0.0011250078678131104,29.020099639892578
1765409532.600629,787037,0,18.814661026000977,85.50950622558594,-15.298489570617676,0.7203150987625122,-0.3094070553779602,0.0016710162162780762,29.020099639892578
1765409532.6639736,792343,0,18.898902893066406,85.5519790649414,-15.274276733398438,0.721886157989502,-0.3128940463066101,0.0008030235767364502,29.020099639892578
1765409532.6646047,797696,0,18.908336639404297,85.46436309814453,-15.295738220214844,0.7211031913757324,-0.3126600384712219,0.0006730258464813232,29.020099639892578
1765409532.665059,803002,0,18.754179000854492,85.70950317382812,-15.27777099609375,0.7248780727386475,-0.3096940815448761,0.0012800097465515137,29.020099639892578
1765409532.6655154,808354,0,18.79680061340332,85.59120178222656,-15.298721313476562,0.7224981188774109,-0.30987805128097534,0.0014850199222564697,29.020099639892578
1765409532.6659548,813707,0,18.765926361083984,85.66622924804688,-15.299140930175781,0.7233501076698303,-0.310198038816452,0.0021290183067321777,29.020099639892578
1765409532.6663983,819013,0,18.91918182373047,85.62120056152344,-15.274820327758789,0.7232850790023804,-0.3127780556678772,0.0008009970188140869,29.020099639892578
1765409532.6668336,824366,0,18.7891902923584,85.58080291748047,-15.298591613769531,0.7230110764503479,-0.3101280629634857,0.0016620159149169922,29.020099639892578
1765409532.6672742,829719,0,18.786865234375,85.60700988769531,-15.298973083496094,0.7233000993728638,-0.30940502882003784,0.0006430149078369141,29.020099639892578
1765409532.6677103,835025,0,18.68571662902832,85.49433898925781,-15.364706993103027,0.7207760810852051,-0.3081970512866974,0.0009939968585968018,29.020099639892578
1765409532.6681485,840378,0,18.800155639648438,85.53678894042969,-15.319674491882324,0.7214810848236084,-0.3106340765953064,0.0014910101890563965,29.020099639892578
1765409532.6685789,845730,0,18.749507904052734,85.6202163696289,-15.298949241638184,0.7240861654281616,-0.3099900484085083,0.001479029655456543,29.020099639892578
1765409532.6690102,851037,0,18.84351921081543,85.62477111816406,-15.38582992553711,0.7237141132354736,-0.31045106053352356,0.0010080039501190186,29.020099639892578
1765409532.6694484,856389,0,18.696491241455078,85.51820373535156,-15.233724594116211,0.7210441827774048,-0.30831003189086914,0.001127004623413086,29.020099639892578
1765409532.738372,861696,0,18.88493537902832,85.57821655273438,-15.340046882629395,0.7221821546554565,-0.3127330541610718,0.0006389915943145752,29.020099639892578
1765409532.7389612,867048,0,18.775165557861328,85.56871795654297,-15.254088401794434,0.7212240695953369,-0.3106880486011505,0.0009369850158691406,29.020099639892578
1765409532.739414,872401,0,18.825042724609375,85.5986328125,-15.407197952270508,0.7211331129074097,-0.3106130361557007,0.0009769797325134277,29.020099639892578
1765409532.7398558,877707,0,18.84149742126465,85.59821319580078,-15.40660285949707,0.7211401462554932,-0.31151703000068665,0.001140981912612915,29.020099639892578
1765409532.740301,883060,0,18.69564437866211,85.60542297363281,-15.474557876586914,0.7205631732940674,-0.30799704790115356,0.0008020102977752686,29.020099639892578
1765409532.740735,888413,0,18.720046997070312,85.69151306152344,-15.496634483337402,0.7204911112785339,-0.30865004658699036,0.0017860233783721924,29.020099639892578
1765409532.7411737,893719,0,18.763126373291016,85.6488265991211,-15.60493278503418,0.7185550928115845,-0.3088710606098175,0.0004540085792541504,29.020099639892578
1765409532.7416985,899072,0,18.840858459472656,85.6465835571289,-15.559452056884766,0.7181411385536194,-0.3112310469150543,0.00026300549507141113,29.020099639892578
1765409532.742151,904424,0,18.82933807373047,85.74507141113281,-15.691183090209961,0.7179971933364868,-0.3111170530319214,0.0005849897861480713,29.020099639892578
1765409532.7425816,909730,0,18.767772674560547,85.70328521728516,-15.822684288024902,0.716896116733551,-0.3107280433177948,0.002133995294570923,29.020099639892578
1765409532.7430115,915083,0,18.739055633544922,85.75502014160156,-15.953933715820312,0.7174861431121826,-0.3104080557823181,0.0007860064506530762,29.020099639892578
1765409532.743454,920389,0,18.83827018737793,85.68179321289062,-16.191303253173828,0.7139880657196045,-0.31345105171203613,0.0004779994487762451,29.020099639892578
1765409532.7438867,925742,0,18.834716796875,85.65286254882812,-16.191131591796875,0.710529088973999,-0.3130960464477539,0.000611037015914917,29.020099639892578
1765409532.7443256,931095,0,18.631126403808594,85.81189727783203,-16.413129806518555,0.7112500667572021,-0.3095890283584595,0.001090019941329956,29.020099639892578
1765409532.8076313,936401,0,18.719181060791016,85.9574203491211,-16.69586753845215,0.709999144077301,-0.31214404106140137,0.0008989870548248291,29.020099639892578
1765409532.8082335,941754,0,18.678417205810547,86.06425476074219,-16.761516571044922,0.7074620723724365,-0.31240907311439514,0.000809013843536377,29.020099639892578
1765409532.8086746,947106,0,18.67292594909668,85.84943389892578,-17.064449310302734,0.6979811191558838,-0.3138890266418457,0.0009849965572357178,29.020099639892578
1765409532.8091097,952413,0,18.73404884338379,85.97590637207031,-17.085224151611328,0.6990201473236084,-0.31605905294418335,9.000301361083984e-05,29.020099639892578
1765409532.8095522,957765,0,18.709644317626953,86.12004852294922,-17.544357299804688,0.7000331282615662,-0.31687605381011963,0.0004729926586151123,29.020099639892578
1765409532.8099847,963118,0,18.59725570678711,86.14167022705078,-17.98233985900879,0.6963050961494446,-0.3152560591697693,0.0008360147476196289,29.020099639892578
1765409532.810425,968424,0,18.842878341674805,86.37660217285156,-18.420156478881836,0.6974530816078186,-0.3158400058746338,0.0012669861316680908,29.020099639892578
1765409532.8108582,973777,0,18.72888946533203,86.76860046386719,-18.73023223876953,0.6922301054000854,-0.3117900490760803,0.0007539987564086914,29.020099639892578
1765409532.8112948,979083,0,18.52492904663086,86.73341369628906,-18.926387786865234,0.6768361330032349,-0.3102390766143799,0.0005309879779815674,29.020099639892578
1765409532.8117268,984436,0,18.801956176757812,86.63860321044922,-19.335683822631836,0.672292172908783,-0.3168930411338806,0.00010198354721069336,29.020099639892578
1765409532.8121665,989789,0,18.78658676147461,86.8337631225586,-19.600854873657227,0.6757001876831055,-0.3145950436592102,0.0004940032958984375,29.020099639892578
1765409532.8127122,995095,0,18.768531799316406,87.05304718017578,-19.973052978515625,0.6748420596122742,-0.31515705585479736,0.0011369884014129639,29.020099639892578
1765409532.8131568,1000448,0,18.679828643798828,87.02362060546875,-20.695444107055664,0.6688441038131714,-0.31178203225135803,0.00022903084754943848,29.020099639892578
1765409532.876982,1005800,0,18.825136184692383,86.7886962890625,-20.955432891845703,0.6655641198158264,-0.31323105096817017,0.0015709996223449707,29.020099639892578
1765409532.8776004,1011106,0,18.765016555786133,86.67144775390625,-20.912126541137695,0.6694510579109192,-0.31208306550979614,0.0008200407028198242,29.020099639892578
1765409532.8780515,1016459,0,18.575023651123047,87.05905151367188,-21.025178909301758,0.6754860877990723,-0.3104500472545624,0.001229017972946167,29.020099639892578
1765409532.8785033,1021812,0,18.685466766357422,87.16023254394531,-21.588773727416992,0.672757089138031,-0.3165150284767151,-0.00012299418449401855,29.020099639892578
1765409532.8789425,1027118,0,18.845443725585938,87.19219970703125,-21.934818267822266,0.6677461266517639,-0.3213880658149719,0.0008800327777862549,29.020099639892578
1765409532.8793843,1032471,0,18.79756736755371,87.36915588378906,-22.068439483642578,0.6684561371803284,-0.3187280595302582,-0.00015997886657714844,29.020099639892578
1765409532.879815,1037777,0,18.783977508544922,87.73777770996094,-22.59453010559082,0.6676061153411865,-0.3193700611591339,0.0014719963073730469,29.020099639892578
1765409532.8802505,1043130,0,18.781023025512695,87.42456817626953,-23.44397735595703,0.6553201675415039,-0.3188680410385132,0.0006210207939147949,29.020099639892578
1765409532.8806841,1048482,0,19.023574829101562,87.20735931396484,-23.618379592895508,0.6538501381874084,-0.3179440498352051,0.0016849935054779053,29.020099639892578
1765409532.881114,1053789,0,18.980972290039062,87.44835662841797,-23.27581214904785,0.6650010347366333,-0.3112630546092987,0.0019040107727050781,29.020099639892578
1765409532.8815541,1059141,0,18.587505340576172,87.71199798583984,-23.36884117126465,0.6643911004066467,-0.3047710359096527,0.0007270276546478271,29.020099639892578
1765409532.8819835,1064494,0,18.816850662231445,87.52796173095703,-23.71277618408203,0.6544481515884399,-0.310526043176651,0.0019350051879882812,29.020099639892578
1765409532.8824234,1069800,0,18.799068450927734,87.61373901367188,-24.041213989257812,0.6585451364517212,-0.3106570541858673,0.0020320117473602295,29.020099639892578
1765409532.9503253,1075153,0,18.739307403564453,87.86178588867188,-24.438518524169922,0.6625381112098694,-0.3071330487728119,0.0019320249557495117,29.020099639892578
1765409532.9509337,1080506,0,18.680089950561523,87.49718475341797,-24.740156173706055,0.6557781100273132,-0.3096710443496704,0.0018480122089385986,29.020099639892578
1765409532.9513927,1085812,0,18.832963943481445,87.46829986572266,-24.759878158569336,0.6588151454925537,-0.3129000663757324,0.002092987298965454,29.020099639892578
1765409532.95183,1091165,0,18.672948837280273,87.68450927734375,-24.3504695892334,0.6672310829162598,-0.3076360523700714,0.0023769736289978027,29.020099639892578
1765409532.9522712,1096471,0,18.74131202697754,87.83931732177734,-24.369617462158203,0.6648721694946289,-0.3120550513267517,0.0018990039825439453,29.020099639892578
1765409532.9527094,1101824,0,18.61904525756836,87.76177215576172,-24.47852897644043,0.6625561118125916,-0.311661034822464,0.0017199814319610596,29.020099639892578
1765409532.9531481,1107176,0,18.678211212158203,87.57719421386719,-24.585508346557617,0.6615381240844727,-0.31275704503059387,0.00012201070785522461,29.020099639892578
1765409532.953578,1112482,0,18.48985481262207,87.712890625,-24.740386962890625,0.6632832288742065,-0.3115260601043701,0.0007570087909698486,29.020099639892578
1765409532.9540074,1117835,0,18.70142364501953,87.84420776367188,-24.91307258605957,0.6658370494842529,-0.31586405634880066,0.0013029873371124268,29.020099639892578
1765409532.9544435,1123188,0,18.607177734375,87.92471313476562,-25.197406768798828,0.6625860929489136,-0.3155120611190796,0.0010879933834075928,29.020099639892578
1765409532.9548736,1128494,0,18.635982513427734,87.81121063232422,-25.43697738647461,0.6579610705375671,-0.3152320384979248,0.0013110041618347168,29.020099639892578
1765409532.9553108,1133847,0,18.69861602783203,87.65579223632812,-25.217670440673828,0.6584961414337158,-0.3155830502510071,0.001864016056060791,29.020099639892578
1765409532.9557407,1139200,0,18.833740234375,87.70307922363281,-25.174152374267578,0.664228081703186,-0.31610107421875,0.001278996467590332,29.020099639892578
1765409532.9561756,1144506,0,18.718994140625,87.5403060913086,-24.585159301757812,0.6686410903930664,-0.314547061920166,0.00177001953125,29.020099639892578
1765409533.019363,1149858,0,18.79391098022461,87.48457336425781,-24.344799041748047,0.6694551110267639,-0.31435203552246094,0.0019469857215881348,29.020099639892578
1765409533.0197568,1155165,0,18.737470626831055,87.23863983154297,-23.99409294128418,0.6708681583404541,-0.3142840564250946,0.0014690160751342773,29.020099639892578
1765409533.0201116,1160517,0,18.7789363861084,87.384521484375,-23.974435806274414,0.6772751808166504,-0.3129560649394989,0.0013570189476013184,29.020099639892578
1765409533.0204685,1165870,0,18.732147216796875,87.54167938232422,-24.062763214111328,0.6798890829086304,-0.3130870461463928,0.0013290047645568848,29.020099639892578
1765409533.0208182,1171176,0,18.835453033447266,87.41561126708984,-23.973918914794922,0.6757521033287048,-0.3140120506286621,0.0021740198135375977,29.020099639892578
1765409533.021171,1176529,0,18.819137573242188,87.60913848876953,-24.040645599365234,0.675425112247467,-0.3131580352783203,0.000911027193069458,29.020099639892578
1765409533.0215952,1181882,0,18.77947425842285,87.50714874267578,-23.955055236816406,0.6715090870857239,-0.3095250427722931,0.0012499988079071045,29.020099639892578
1765409533.021937,1187188,0,18.925371170043945,87.65003967285156,-23.976341247558594,0.6720811724662781,-0.3116580545902252,0.0020689964294433594,29.020099639892578
1765409533.0222876,1192541,0,18.914173126220703,87.47251892089844,-23.843868255615234,0.6663320660591125,-0.31156304478645325,0.0018570125102996826,29.020099639892578
1765409533.0226321,1197893,0,18.793277740478516,87.51134490966797,-23.781085968017578,0.6673571467399597,-0.3083040714263916,0.0023509860038757324,29.020099639892578
1765409533.0230484,1203200,0,18.89183807373047,87.32211303710938,-23.647480010986328,0.6658681035041809,-0.3098510205745697,0.0012060105800628662,29.020099639892578
1765409533.023476,1208552,0,18.889623641967773,87.45629119873047,-23.561777114868164,0.670910120010376,-0.3094000518321991,0.0020560026168823242,29.020099639892578
1765409533.0239086,1213905,0,18.917789459228516,87.50606536865234,-23.563133239746094,0.6701851487159729,-0.3076440393924713,0.0018840134143829346,29.020099639892578
1765409533.0940204,1219211,0,18.859479904174805,87.49433135986328,-23.607500076293945,0.6679561138153076,-0.3062640428543091,0.0016939938068389893,29.020099639892578
1765409533.0946345,1224564,0,18.888532638549805,87.46098327636719,-23.475933074951172,0.6663290858268738,-0.30661603808403015,0.0019969940185546875,29.020099639892578
1765409533.0950794,1229870,0,18.93319320678711,87.46389770507812,-23.47590446472168,0.6663541197776794,-0.30646002292633057,0.00150299072265625,29.020099639892578
1765409533.095528,1235223,0,18.881351470947266,87.44574737548828,-23.453838348388672,0.665954053401947,-0.30688005685806274,0.0021570026874542236,29.020099639892578
1765409533.095962,1240576,0,18.807376861572266,87.57627868652344,-23.32339096069336,0.6668151021003723,-0.30702704191207886,0.0020509958267211914,29.020099639892578
1765409533.0963995,1245882,0,18.74178695678711,87.44854736328125,-23.345911026000977,0.6630550622940063,-0.3045070469379425,0.0015579760074615479,29.020099639892578
1765409533.0968297,1251234,0,18.700851440429688,87.59423065185547,-23.323257446289062,0.667043149471283,-0.3071480393409729,0.0013290047645568848,29.020099639892578
1765409533.0972757,1256587,0,18.619077682495117,87.54915618896484,-23.411392211914062,0.6654801368713379,-0.30513307452201843,0.00015601515769958496,29.020099639892578
1765409533.098115,1261893,0,18.624984741210938,87.41690063476562,-23.366558074951172,0.6635831594467163,-0.30659106373786926,0.002710014581680298,29.020099639892578
1765409533.098651,1267246,0,18.80828094482422,87.46882629394531,-23.297130584716797,0.6642351150512695,-0.311659038066864,0.000634998083114624,29.020099639892578
1765409533.099096,1272599,0,18.651229858398438,87.45902252197266,-23.18978500366211,0.663689136505127,-0.30903008580207825,0.0009260177612304688,29.020099639892578
1765409533.0995383,1277905,0,18.742395401000977,87.67254638671875,-23.2767276763916,0.6669541597366333,-0.3115450441837311,0.0008970201015472412,29.020099639892578
1765409533.0999703,1283258,0,18.731212615966797,87.40446472167969,-23.25237274169922,0.6599911451339722,-0.3125190734863281,0.0014010071754455566,29.020099639892578
1765409533.1004124,1288564,0,18.77521324157715,87.3511962890625,-23.12009048461914,0.6594051122665405,-0.31374606490135193,0.0013830065727233887,29.020099639892578
1765409533.1627882,1293917,0,18.7075252532959,87.56817626953125,-23.18758773803711,0.6643511652946472,-0.31289803981781006,0.0006840229034423828,29.020099639892578
1765409533.1633668,1299269,0,18.744966506958008,87.42697143554688,-23.16330909729004,0.6607040762901306,-0.3147960603237152,0.0005050003528594971,29.020099639892578
1765409533.1638207,1304576,0,18.60926055908203,87.33830261230469,-23.164356231689453,0.658439040184021,-0.3124570846557617,0.0004960000514984131,29.020099639892578
1765409533.16427,1309928,0,18.790254592895508,87.50259399414062,-23.11941909790039,0.6611460447311401,-0.3160400390625,0.001484990119934082,29.020099639892578
1765409533.164706,1315281,0,18.710575103759766,87.4266357421875,-23.16277313232422,0.6588400602340698,-0.3154570758342743,0.0007959902286529541,29.020099639892578
1765409533.1651433,1320587,0,18.7605037689209,87.52619934082031,-23.119522094726562,0.6614190936088562,-0.3163750469684601,0.0021440088748931885,29.020099639892578
1765409533.1655774,1325940,0,18.80554962158203,87.47174072265625,-23.09677505493164,0.6599740982055664,-0.31625109910964966,0.00011798739433288574,29.020099639892578
1765409533.1660094,1331293,0,18.766742706298828,87.54501342773438,-23.185588836669922,0.6622451543807983,-0.31540507078170776,0.0009890198707580566,29.020099639892578
1765409533.1664505,1336599,0,18.869462966918945,87.55207061767578,-23.184368133544922,0.6604560613632202,-0.31703004240989685,0.0013110041618347168,29.020099639892578
1765409533.1668835,1341952,0,18.815427780151367,87.60803985595703,-23.12032699584961,0.662320077419281,-0.3149520456790924,-0.00022298097610473633,29.020099639892578
1765409533.167327,1347258,0,18.868844985961914,87.66600036621094,-23.032947540283203,0.6615100502967834,-0.31594207882881165,0.0015909969806671143,29.020099639892578
1765409533.1677656,1352610,0,18.7608585357666,87.62004089355469,-23.10024642944336,0.6622161269187927,-0.31321007013320923,0.0014689862728118896,29.020099639892578
1765409533.1682065,1357963,0,18.994144439697266,87.52245330810547,-23.03056526184082,0.6611610651016235,-0.31816205382347107,0.0014950037002563477,29.020099639892578
1765409533.232337,1363269,0,18.825315475463867,87.51469421386719,-23.09946060180664,0.6597681045532227,-0.3133070468902588,0.0016700327396392822,29.020099639892578
1765409533.23289,1368622,0,18.755844116210938,87.41310119628906,-23.034832000732422,0.6567190289497375,-0.31072303652763367,0.0011540055274963379,29.020099639892578
1765409533.2333465,1373975,0,18.92137336730957,87.5548095703125,-23.033937454223633,0.6595800518989563,-0.31342005729675293,0.001493006944656372,29.020099639892578
1765409533.233789,1379281,0,18.866619110107422,87.51567840576172,-22.968666076660156,0.6597650647163391,-0.31308305263519287,0.002164006233215332,29.020099639892578
1765409533.2342339,1384634,0,18.82655143737793,87.45775604248047,-23.035676956176758,0.6597011685371399,-0.31014007329940796,0.0010409951210021973,29.020099639892578
1765409533.2346754,1389986,0,18.775705337524414,87.45783233642578,-23.03573226928711,0.6578301191329956,-0.3098970353603363,0.0011680126190185547,29.020099639892578
1765409533.2351103,1395293,0,18.830162048339844,87.41703796386719,-22.969398498535156,0.6567480564117432,-0.3109050691127777,0.0020090043544769287,29.020099639892578
1765409533.2355523,1400645,0,19.074234008789062,87.37032318115234,-22.856935501098633,0.6558300256729126,-0.3145860731601715,0.0011729896068572998,29.020099639892578
1765409533.2359824,1405952,0,18.814712524414062,87.36514282226562,-22.9918270111084,0.6557261347770691,-0.3093230724334717,0.0013580024242401123,29.020099639892578
1765409533.236418,1411304,0,18.865707397460938,87.56539154052734,-22.972063064575195,0.66087406873703,-0.3084840476512909,0.0015380382537841797,29.020099639892578
1765409533.2368507,1416657,0,18.700056076049805,87.36644744873047,-22.885295867919922,0.6565321087837219,-0.3057820498943329,0.0016910135746002197,29.020099639892578
1765409533.2372892,1421963,0,18.80542755126953,87.41011047363281,-23.03612518310547,0.6572701334953308,-0.308851033449173,0.0010350048542022705,29.020099639892578
1765409533.2377203,1427316,0,18.820545196533203,87.47555541992188,-22.862668991088867,0.6581911444664001,-0.3079400360584259,0.00201299786567688,29.020099639892578
1765409533.3064368,1432669,0,18.871248245239258,87.51811981201172,-22.796850204467773,0.6593011617660522,-0.3088890612125397,0.0023390352725982666,29.020099639892578
1765409533.3070347,1437975,0,18.88091468811035,87.55917358398438,-22.88411521911621,0.6599791646003723,-0.3093680441379547,0.0021790266036987305,29.020099639892578
1765409533.3074875,1443328,0,18.950729370117188,87.3824462890625,-22.751129150390625,0.6561160683631897,-0.3098910450935364,0.0011650323867797852,29.020099639892578
1765409533.3079236,1448634,0,18.69609832763672,87.5269775390625,-22.863767623901367,0.6600282192230225,-0.307110071182251,0.0021570026874542236,29.020099639892578
1765409533.308363,1453986,0,18.85337257385254,87.46861267089844,-22.86151695251465,0.6568800210952759,-0.30907002091407776,0.0013119876384735107,29.020099639892578
1765409533.3087962,1459339,0,18.795181274414062,87.41654968261719,-22.90506362915039,0.6567190885543823,-0.30906403064727783,0.0016649961471557617,29.020099639892578
1765409533.3092349,1464645,0,18.854516983032227,87.47061920166016,-22.88231086730957,0.6577640771865845,-0.31049206852912903,0.0008020102977752686,29.020099639892578
1765409533.3096678,1469998,0,18.68450164794922,87.37840270996094,-22.75275993347168,0.6554540991783142,-0.3077120780944824,0.0014360249042510986,29.020099639892578
1765409533.3100986,1475351,0,18.82071304321289,87.41990661621094,-22.83687400817871,0.6561910510063171,-0.31255605816841125,0.001091986894607544,29.020099639892578
1765409533.3105385,1480657,0,18.81357192993164,87.39945983886719,-22.792665481567383,0.6549270153045654,-0.31283503770828247,0.0007249712944030762,29.020099639892578
1765409533.310969,1486010,0,18.819656372070312,87.34622955322266,-22.901586532592773,0.6534910202026367,-0.31292906403541565,0.001265019178390503,29.020099639892578
1765409533.3114069,1491362,0,18.80375099182129,87.30148315429688,-22.879390716552734,0.6546640992164612,-0.3134130537509918,0.0016269981861114502,29.020099639892578
1765409533.3118362,1496669,0,18.7322998046875,87.38497161865234,-22.880414962768555,0.6549771428108215,-0.31220805644989014,0.0005650222301483154,29.020099639892578
1765409533.3122745,1502021,0,18.801380157470703,87.47108459472656,-22.81376075744629,0.6553480625152588,-0.31480005383491516,0.0015240013599395752,29.020099639892578
1765409533.3757026,1507328,0,18.820613861083984,87.54008483886719,-22.79172134399414,0.6571800708770752,-0.3153800368309021,0.0004940032958984375,29.020099639892578
1765409533.376284,1512680,0,18.7768611907959,87.30774688720703,-22.812429428100586,0.6522690653800964,-0.3152260482311249,0.001708000898361206,29.020099639892578
1765409533.3767457,1518033,0,18.81106948852539,87.55625915527344,-22.792118072509766,0.657983124256134,-0.3149060308933258,0.00016200542449951172,29.020099639892578
1765409533.3772004,1523339,0,18.58829116821289,87.53422546386719,-22.795536041259766,0.6570640206336975,-0.3104230761528015,0.001502007246017456,29.020099639892578
1765409533.3776433,1528692,0,18.863367080688477,87.39336395263672,-22.76891326904297,0.6540600657463074,-0.31556105613708496,0.0012000203132629395,29.020099639892578
1765409533.378081,1534045,0,18.820194244384766,87.51560974121094,-22.792078018188477,0.6568921208381653,-0.31467002630233765,0.0005100071430206299,28.913925170898438
1765409533.3785264,1539351,0,18.771472930908203,87.48970031738281,-22.72810173034668,0.6565680503845215,-0.3126470744609833,0.001530975103378296,29.020099639892578
1765409533.3789601,1544704,0,18.90243148803711,87.48297882080078,-22.748273849487305,0.6567160487174988,-0.3146040737628937,0.0007100105285644531,29.020099639892578
1765409533.3794012,1550056,0,18.818593978881836,87.49432373046875,-22.793745040893555,0.656609058380127,-0.3125230371952057,0.0015630125999450684,29.020099639892578
1765409533.3798351,1555362,0,18.82343292236328,87.4823226928711,-22.79510498046875,0.6558100581169128,-0.3101290166378021,0.0009090006351470947,29.020099639892578
1765409533.380272,1560715,0,18.79326629638672,87.4814453125,-22.795562744140625,0.6557950973510742,-0.30975407361984253,0.0015840232372283936,29.020099639892578
1765409533.3807044,1566021,0,18.812034606933594,87.27310180664062,-22.750324249267578,0.653035044670105,-0.3099920451641083,0.0012899935245513916,29.020099639892578
1765409533.3811402,1571374,0,18.801937103271484,87.46853637695312,-22.797775268554688,0.6568440794944763,-0.3063250482082367,0.0008040070533752441,29.020099639892578
1765409533.4493623,1576727,0,18.8812255859375,87.48780059814453,-22.64446449279785,0.6581040620803833,-0.3075970709323883,0.001976996660232544,29.020099639892578
1765409533.4498672,1582033,0,18.950998306274414,87.38191986083984,-22.773422241210938,0.6556810736656189,-0.3091970384120941,0.0011730194091796875,29.020099639892578
1765409533.450331,1587386,0,18.873638153076172,87.34100341796875,-22.686662673950195,0.6531240344047546,-0.30757206678390503,0.0007860064506530762,29.020099639892578
1765409533.4507704,1592738,0,18.862714767456055,87.23580932617188,-22.730478286743164,0.6510880589485168,-0.3067430555820465,0.0016710162162780762,29.020099639892578
1765409533.4512954,1598045,0,18.762861251831055,87.25984191894531,-22.55746841430664,0.6521740555763245,-0.30478307604789734,0.002136021852493286,29.020099639892578
1765409533.4518101,1603397,0,18.807754516601562,87.35020446777344,-22.64456558227539,0.6552920937538147,-0.3060210347175598,0.0016530156135559082,29.020099639892578
1765409533.452281,1608750,0,18.83826446533203,87.42720031738281,-22.666654586791992,0.6557410955429077,-0.3063950538635254,0.001975029706954956,29.020099639892578
1765409533.4528072,1614056,0,18.71908187866211,87.47109985351562,-22.77716827392578,0.6553971767425537,-0.3049650192260742,0.002124994993209839,29.020099639892578
1765409533.4532712,1619409,0,18.757719039916992,87.43146514892578,-22.754226684570312,0.6547550559043884,-0.30579906702041626,0.0012800097465515137,29.020099639892578
1765409533.4537044,1624715,0,18.808269500732422,87.27369689941406,-22.708112716674805,0.6525880694389343,-0.3078300654888153,0.0012990236282348633,29.020099639892578
1765409533.45415,1630068,0,18.775325775146484,87.40373229980469,-22.752817153930664,0.6544700264930725,-0.3074290156364441,0.0009329915046691895,29.020099639892578
1765409533.4545848,1635421,0,18.796175003051758,87.5224380493164,-22.730361938476562,0.6568800806999207,-0.30942702293395996,0.0008910000324249268,29.020099639892578
1765409533.4550135,1640727,0,18.659996032714844,87.48503875732422,-22.754159927368164,0.6547600030899048,-0.3063780665397644,0.0013850033283233643,29.020099639892578
1765409533.455455,1646080,0,18.624298095703125,87.27046203613281,-22.79546356201172,0.6515430808067322,-0.30807605385780334,0.0019209980964660645,29.020099639892578
1765409533.518519,1651432,0,18.73598289489746,87.34394836425781,-22.772777557373047,0.6534250974655151,-0.30977606773376465,0.0014159977436065674,29.020099639892578
1765409533.51923,1656738,0,18.7943115234375,87.4503402709961,-22.72819709777832,0.6554850339889526,-0.31188204884529114,0.0010399818420410156,29.020099639892578
1765409533.5196848,1662091,0,18.669677734375,87.523193359375,-22.752727508544922,0.6558561325073242,-0.30895206332206726,0.001694023609161377,29.020099639892578
1765409533.5201287,1667444,0,18.782371520996094,87.61200714111328,-22.663461685180664,0.6566850543022156,-0.31208404898643494,0.0011309981346130371,29.020099639892578
1765409533.5205717,1672750,0,18.913204193115234,87.36284637451172,-22.704301834106445,0.6543071269989014,-0.3143790364265442,0.002084016799926758,29.020099639892578
1765409533.5210037,1678103,0,18.758148193359375,87.4310302734375,-22.705245971679688,0.6550900340080261,-0.31320804357528687,0.0008380115032196045,29.020099639892578
1765409533.5214424,1683409,0,18.855560302734375,87.42440795898438,-22.68381118774414,0.6547771096229553,-0.31262704730033875,0.001211017370223999,29.020099639892578
1765409533.5218763,1688762,0,18.704809188842773,87.40528869628906,-22.64012908935547,0.6529161334037781,-0.31222206354141235,0.0009649991989135742,29.020099639892578
1765409533.5223172,1694114,0,18.843494415283203,87.28588104248047,-22.616878509521484,0.6519800424575806,-0.31320005655288696,0.0010339915752410889,28.913925170898438
1765409533.5227492,1699421,0,18.77728271484375,87.49824523925781,-22.684993743896484,0.6556050777435303,-0.31167006492614746,0.0013460218906402588,29.020099639892578
1765409533.5231867,1704773,0,18.7722225189209,87.40858459472656,-22.70602798461914,0.6548120379447937,-0.31196707487106323,0.0010350048542022705,29.020099639892578
1765409533.523712,1710126,0,18.759143829345703,87.25473022460938,-22.705677032470703,0.6530680656433105,-0.3111080527305603,0.0009160041809082031,29.020099639892578
1765409533.524166,1715432,0,18.708370208740234,87.32215118408203,-22.575965881347656,0.6525600552558899,-0.3097780644893646,0.001354992389678955,29.020099639892578
1765409533.5882638,1720785,0,18.85390853881836,87.44755554199219,-22.617929458618164,0.6550500988960266,-0.31330406665802,0.0011790096759796143,29.020099639892578
1765409533.588854,1726138,0,18.77236557006836,87.35083770751953,-22.640657424926758,0.6528961062431335,-0.31126806139945984,0.0015349984169006348,29.020099639892578
1765409533.5893164,1731444,0,18.753067016601562,87.4632568359375,-22.708110809326172,0.6553880572319031,-0.3096120357513428,0.0013830065727233887,28.913925170898438
1765409533.5897543,1736797,0,18.745738983154297,87.42301940917969,-22.708662033081055,0.6542900800704956,-0.30847206711769104,0.0015670061111450195,29.020099639892578
1765409533.5901945,1742103,0,18.807662963867188,87.45037078857422,-22.707828521728516,0.6546110510826111,-0.3099290728569031,0.0017310082912445068,28.913925170898438
1765409533.5906255,1747456,0,18.705190658569336,87.25526428222656,-22.685958862304688,0.650316059589386,-0.3080080449581146,0.001569986343383789,29.020099639892578
1765409533.5910559,1752808,0,18.847240447998047,87.4635009765625,-22.750734329223633,0.6545630693435669,-0.3107810616493225,0.0008870065212249756,29.020099639892578
1765409533.5914931,1758114,0,18.62810516357422,87.4306640625,-22.6884822845459,0.6541489958763123,-0.30598706007003784,0.0010389983654022217,29.020099639892578
1765409533.5919225,1763467,0,18.826379776000977,87.31777954101562,-22.684988021850586,0.6522840857505798,-0.3101670742034912,0.0019240379333496094,29.020099639892578
1765409533.5923588,1768820,0,18.867015838623047,87.30181121826172,-22.728864669799805,0.650627076625824,-0.3096270263195038,0.0021070241928100586,29.020099639892578
1765409533.5927916,1774126,0,18.90983009338379,87.39373016357422,-22.839134216308594,0.6533120274543762,-0.3087370693683624,0.0011390447616577148,29.020099639892578
1765409533.593229,1779479,0,18.921775817871094,87.33163452148438,-22.664113998413086,0.6509360671043396,-0.30818402767181396,0.0007590055465698242,29.020099639892578
1765409533.5936587,1784832,0,18.85205841064453,87.34173583984375,-22.621166229248047,0.6512560844421387,-0.3076680600643158,0.001752018928527832,29.020099639892578
1765409533.6613808,1790138,0,18.929725646972656,87.37692260742188,-22.708110809326172,0.6524890065193176,-0.308614045381546,0.0016200244426727295,29.020099639892578
1765409533.6618757,1795490,0,18.793529510498047,87.38887023925781,-22.645111083984375,0.6532150506973267,-0.3051770329475403,0.0014390051364898682,29.020099639892578
1765409533.6623404,1800797,0,18.853899002075195,87.47248077392578,-22.66655731201172,0.655003011226654,-0.3066050708293915,0.001605004072189331,29.020099639892578
1765409533.6627805,1806149,0,18.922462463378906,87.433349609375,-22.600505828857422,0.653930127620697,-0.3070830702781677,0.0021170377731323242,28.913925170898438
1765409533.6633465,1811502,0,18.761322021484375,87.26676940917969,-22.666547775268555,0.6507951021194458,-0.3051420748233795,0.002813011407852173,29.020099639892578
1765409533.6639936,1816808,0,18.714466094970703,87.28164672851562,-22.514789581298828,0.6519890427589417,-0.3034880459308624,0.0021130144596099854,29.020099639892578
1765409533.6644545,1822161,0,18.779212951660156,87.554931640625,-22.514663696289062,0.6557241082191467,-0.30602502822875977,0.002033025026321411,29.020099639892578
1765409533.6648915,1827514,0,18.84667205810547,87.53300476074219,-22.666860580444336,0.6550610661506653,-0.3068690598011017,0.0022520124912261963,29.020099639892578
1765409533.665332,1832820,0,18.632524490356445,87.33784484863281,-22.580385208129883,0.6520170569419861,-0.30357104539871216,0.0013950169086456299,29.020099639892578
1765409533.6657622,1838173,0,18.726055145263672,87.2476806640625,-22.708688735961914,0.6504120826721191,-0.3065040111541748,0.0010970234870910645,29.020099639892578
1765409533.6661992,1843525,0,18.740192413330078,87.4751968383789,-22.644329071044922,0.6548560857772827,-0.30699002742767334,0.0010429918766021729,29.020099639892578
1765409533.6668394,1848832,0,18.726823806762695,87.42173767089844,-22.643585205078125,0.6542670130729675,-0.3075360357761383,0.00087699294090271,29.020099639892578
1765409533.667292,1854184,0,18.70160675048828,87.30497741699219,-22.620603561401367,0.6508790850639343,-0.30796104669570923,0.001028984785079956,29.020099639892578
1765409533.6677313,1859490,0,18.86844253540039,87.44438934326172,-22.59624671936035,0.6541710495948792,-0.31278806924819946,0.0008330047130584717,29.020099639892578
1765409533.7309883,1864843,0,18.82331085205078,87.2497787475586,-22.704498291015625,0.6517751216888428,-0.31261005997657776,0.0010699927806854248,29.020099639892578
1765409533.7315264,1870196,0,18.63847541809082,87.34938049316406,-22.554702758789062,0.6514060497283936,-0.3086020350456238,0.00029098987579345703,29.020099639892578
1765409533.73197,1875502,0,18.734407424926758,87.30035400390625,-22.5528621673584,0.6508751511573792,-0.3111710548400879,0.0013240277767181396,29.020099639892578
1765409533.7324133,1880855,0,18.65999984741211,87.37737274169922,-22.66280746459961,0.6521681547164917,-0.31097403168678284,0.0014830231666564941,29.020099639892578
1765409533.7328477,1886208,0,18.745193481445312,87.31929779052734,-22.661422729492188,0.6521500945091248,-0.31236106157302856,0.001180022954940796,29.020099639892578
1765409533.733288,1891514,0,18.722898483276367,87.4722900390625,-22.597293853759766,0.6538640856742859,-0.3113800585269928,0.0004450082778930664,29.020099639892578
1765409533.7337198,1896866,0,18.682960510253906,87.39523315429688,-22.750564575195312,0.6525660753250122,-0.3102140426635742,0.0004999935626983643,29.020099639892578
1765409533.7341542,1902219,0,18.67023277282715,87.3758544921875,-22.554325103759766,0.6517121195793152,-0.30968403816223145,0.0011299848556518555,29.020099639892578
1765409533.734584,1907525,0,18.74728775024414,87.52006530761719,-22.729394912719727,0.6550061106681824,-0.310619056224823,0.0010010302066802979,28.913925170898438
1765409533.7350144,1912878,0,18.700180053710938,87.48612213134766,-22.642139434814453,0.6537891030311584,-0.3100470304489136,0.0009680092334747314,29.020099639892578
1765409533.7354546,1918184,0,18.803865432739258,87.40484619140625,-22.706186294555664,0.6535060405731201,-0.3116600513458252,0.0013709962368011475,29.020099639892578
1765409533.7358851,1923537,0,18.750274658203125,87.48440551757812,-22.62143325805664,0.6547770500183105,-0.30886703729629517,0.0018610060214996338,29.020099639892578
1765409533.736324,1928890,0,18.714584350585938,87.35807800292969,-22.621204376220703,0.6514670848846436,-0.30741608142852783,0.0006850361824035645,28.913925170898438
1765409533.8051922,1934196,0,18.699844360351562,87.4320068359375,-22.57952308654785,0.6537260413169861,-0.30544406175613403,0.0008659958839416504,29.020099639892578
1765409533.8057911,1939549,0,18.766101837158203,87.32852172851562,-22.621971130371094,0.6517280340194702,-0.30626803636550903,0.0010749995708465576,29.020099639892578
1765409533.8063014,1944901,0,18.905115127563477,87.43854522705078,-22.664278030395508,0.6534090638160706,-0.30936306715011597,0.0015770196914672852,29.020099639892578
1765409533.806807,1950208,0,18.91326904296875,87.32101440429688,-22.598892211914062,0.6514371037483215,-0.3083980679512024,0.002450019121170044,29.020099639892578
1765409533.8072736,1955560,0,18.85404396057129,87.41472625732422,-22.601186752319336,0.6530870795249939,-0.3059060275554657,0.002105027437210083,29.020099639892578
1765409533.8077152,1960913,0,18.84445571899414,87.32203674316406,-22.491018295288086,0.6522631049156189,-0.3061380386352539,0.0012520253658294678,29.020099639892578
1765409533.8081565,1966219,0,18.792076110839844,87.27850341796875,-22.491456985473633,0.6511390209197998,-0.30515503883361816,0.0014200210571289062,29.020099639892578
1765409533.808591,1971572,0,18.746305465698242,87.41177368164062,-22.602863311767578,0.6530330777168274,-0.303879052400589,0.002946019172668457,29.020099639892578
1765409533.8090231,1976878,0,18.809791564941406,87.25456237792969,-22.556596755981445,0.6508720517158508,-0.3053830564022064,0.0011059939861297607,29.020099639892578
1765409533.8094614,1982231,0,18.76502227783203,87.42318725585938,-22.493017196655273,0.6533830761909485,-0.304455041885376,0.0018979907035827637,29.020099639892578
1765409533.8098962,1987584,0,18.928524017333984,87.29537200927734,-22.59836196899414,0.651154100894928,-0.3085940480232239,0.0016100108623504639,29.020099639892578
1765409533.8103364,1992890,0,18.832128524780273,87.4220962524414,-22.555871963500977,0.653424084186554,-0.30810603499412537,0.0015500187873840332,29.020099639892578
1765409533.81077,1998242,0,18.80551528930664,87.28963470458984,-22.599321365356445,0.6510880589485168,-0.3071000576019287,0.0012499988079071045,29.020099639892578
1765409533.811208,2003595,0,18.90749168395996,87.33658599853516,-22.64150047302246,0.6526870727539062,-0.31008604168891907,0.002109020948410034,29.020099639892578
1765409533.8744917,2008901,0,18.738576889038086,87.42691040039062,-22.557796478271484,0.6547040939331055,-0.30622705817222595,0.0030910074710845947,29.020099639892578
1765409533.8750525,2014254,0,18.696802139282227,87.36311340332031,-22.578672409057617,0.652336061000824,-0.30646201968193054,0.002052009105682373,29.020099639892578
1765409533.8755248,2019607,0,18.732460021972656,87.32981872558594,-22.6420841217041,0.6507470011711121,-0.3083520233631134,0.0003460049629211426,29.020099639892578
1765409533.8759646,2024913,0,18.7912540435791,87.35993194580078,-22.554887771606445,0.6514940857887268,-0.30903205275535583,0.0020329952239990234,29.020099639892578
1765409533.8764079,2030266,0,18.868854522705078,87.38611602783203,-22.55316734313965,0.6518200635910034,-0.3113950490951538,0.001341015100479126,29.020099639892578
1765409533.876845,2035572,0,18.82426643371582,87.51618957519531,-22.66326332092285,0.6537090539932251,-0.31155604124069214,0.0018300116062164307,29.020099639892578
1765409533.8772829,2040925,0,18.890382766723633,87.4048080444336,-22.53125,0.6530760526657104,-0.311987042427063,0.0018560290336608887,29.020099639892578
1765409533.8777175,2046277,0,18.772003173828125,87.49356842041016,-22.53314208984375,0.6546910405158997,-0.3101820647716522,0.001824021339416504,29.020099639892578
1765409533.8781528,2051584,0,18.835281372070312,87.39641571044922,-22.661943435668945,0.6517460346221924,-0.3120620548725128,0.0011720061302185059,29.020099639892578
1765409533.8785815,2056936,0,18.777236938476562,87.43060302734375,-22.55310821533203,0.6523460745811462,-0.31169503927230835,0.0007840096950531006,29.020099639892578
1765409533.8790126,2062289,0,18.68838882446289,87.3177490234375,-22.57588768005371,0.6493810415267944,-0.3092300593852997,0.0007980167865753174,29.020099639892578
1765409533.879453,2067595,0,18.757471084594727,87.41897583007812,-22.640371322631836,0.6524291038513184,-0.3118150532245636,0.0008040070533752441,29.020099639892578
1765409533.8798804,2072948,0,18.69459342956543,87.54350280761719,-22.59992027282715,0.6552440524101257,-0.30855005979537964,0.000970989465713501,29.020099639892578
1765409533.9438448,2078301,0,18.833234786987305,87.29521179199219,-22.574512481689453,0.651011049747467,-0.311318039894104,0.0011950135231018066,29.020099639892578
1765409533.9443583,2083607,0,18.780643463134766,87.33175659179688,-22.64160919189453,0.6507730484008789,-0.30962705612182617,0.0018750131130218506,29.020099639892578
1765409533.94481,2088960,0,18.79803466796875,87.27001953125,-22.57418441772461,0.6488580703735352,-0.3112700283527374,0.0009920299053192139,29.020099639892578
1765409533.9452748,2094266,0,18.758161544799805,87.28963470458984,-22.61929702758789,0.6500990390777588,-0.30971306562423706,0.0013599991798400879,29.020099639892578
1765409533.9457123,2099618,0,18.831897735595703,87.42671203613281,-22.641490936279297,0.6524760723114014,-0.3105950653553009,0.0016919970512390137,29.020099639892578
1765409533.9461563,2104971,0,18.782907485961914,87.54533386230469,-22.46821403503418,0.6552640795707703,-0.3096040189266205,0.0014640092849731445,28.913925170898438
1765409533.9465868,2110277,0,18.9315185546875,87.27400207519531,-22.74869155883789,0.6499291062355042,-0.31184205412864685,0.0012570023536682129,29.020099639892578
1765409533.9470143,2115630,0,18.83846664428711,87.35124206542969,-22.487611770629883,0.6501750946044922,-0.3110330402851105,0.001480013132095337,29.020099639892578
1765409533.947464,2120983,0,18.757474899291992,87.44099426269531,-22.60030174255371,0.6528000831604004,-0.3072110414505005,0.001699000597000122,29.020099639892578
1765409533.9478915,2126289,0,18.86803436279297,87.56590270996094,-22.577930450439453,0.6552609801292419,-0.3088960647583008,0.0011789798736572266,29.020099639892578
1765409533.9483473,2131642,0,18.831613540649414,87.50789642333984,-22.62234878540039,0.6556340456008911,-0.30807703733444214,0.002581000328063965,29.020099639892578
1765409533.9487782,2136994,0,18.846872329711914,87.34815979003906,-22.597551345825195,0.6511651277542114,-0.31007805466651917,0.0013689994812011719,29.020099639892578
1765409533.949227,2142301,0,18.837316513061523,87.5689697265625,-22.622501373291016,0.6556980013847351,-0.3078140616416931,0.0013689994812011719,29.020099639892578
1765409534.017478,2147653,0,18.953168869018555,87.32551574707031,-22.55327796936035,0.6504830718040466,-0.3106660544872284,0.00155600905418396,29.020099639892578
1765409534.0180078,2153006,0,18.550642013549805,87.40796661376953,-22.495098114013672,0.6519450545310974,-0.30116006731987,0.0015140175819396973,29.020099639892578
1765409534.018463,2158312,0,18.843534469604492,87.42168426513672,-22.447826385498047,0.652971088886261,-0.3068130314350128,0.002727001905441284,29.020099639892578
1765409534.0189004,2163665,0,18.91244125366211,87.39602661132812,-22.621002197265625,0.6518681645393372,-0.30840003490448,0.001917034387588501,29.020099639892578
1765409534.019339,2168971,0,18.833791732788086,87.36962127685547,-22.600139617919922,0.6519750952720642,-0.30673307180404663,0.001581043004989624,29.020099639892578
1765409534.0197668,2174324,0,18.885047912597656,87.46456909179688,-22.600017547607422,0.6536780595779419,-0.307701051235199,0.0013979971408843994,29.020099639892578
1765409534.0202043,2179677,0,18.695735931396484,87.30946350097656,-22.534976959228516,0.6513060331344604,-0.3057510554790497,0.0015490055084228516,29.020099639892578
1765409534.0207522,2184983,0,18.8616943359375,87.44634246826172,-22.512113571166992,0.6532790660858154,-0.3084620535373688,0.0018710196018218994,29.020099639892578
1765409534.0212085,2190336,0,18.7427978515625,87.2757568359375,-22.49034309387207,0.6492640972137451,-0.3063480257987976,0.0010200142860412598,29.020099639892578
1765409534.0216424,2195688,0,18.779727935791016,87.47843933105469,-22.578210830688477,0.6530200839042664,-0.30783405900001526,0.0016790032386779785,29.020099639892578
1765409534.0220726,2200994,0,18.733867645263672,87.45030212402344,-22.578306198120117,0.6527051329612732,-0.307282030582428,0.0011690258979797363,29.020099639892578
1765409534.0225124,2206347,0,18.881620407104492,87.34396362304688,-22.617483139038086,0.6507400274276733,-0.3126280605792999,0.0011780261993408203,29.020099639892578
1765409534.0229437,2211700,0,18.821195602416992,87.35612487792969,-22.510026931762695,0.6510550379753113,-0.3101160526275635,0.0008230209350585938,29.020099639892578
1765409534.023376,2217006,0,18.83056640625,87.50686645507812,-22.726924896240234,0.65239417552948,-0.3137800395488739,0.0012930035591125488,29.020099639892578
1765409534.0870929,2222359,0,18.73396873474121,87.375732421875,-22.575117111206055,0.6513071656227112,-0.3111720681190491,0.0013010203838348389,29.020099639892578
1765409534.087799,2227665,0,18.765399932861328,87.56414031982422,-22.706268310546875,0.6547021269798279,-0.3129560649394989,0.0016260147094726562,29.020099639892578
1765409534.0882633,2233018,0,18.77800750732422,87.38289642333984,-22.66055679321289,0.6503831148147583,-0.31350603699684143,0.00043901801109313965,29.020099639892578
1765409534.0887058,2238370,0,18.70926856994629,87.39933013916016,-22.682668685913086,0.6520400643348694,-0.3137040436267853,0.0009469985961914062,29.020099639892578
1765409534.0891504,2243677,0,18.762332916259766,87.52806091308594,-22.57443618774414,0.6530551314353943,-0.3129380941390991,5.4001808166503906e-05,29.020099639892578
1765409534.0895863,2249029,0,18.648042678833008,87.36662292480469,-22.68383026123047,0.6503961086273193,-0.3115670382976532,0.0007740259170532227,28.913925170898438
1765409534.0900164,2254382,0,18.757383346557617,87.3658447265625,-22.660615921020508,0.6495651006698608,-0.31360504031181335,0.0014460086822509766,29.020099639892578
1765409534.0904553,2259688,0,18.874361038208008,87.34904479980469,-22.528337478637695,0.6506341099739075,-0.31500503420829773,0.0007790029048919678,29.020099639892578
1765409534.0908868,2265041,0,18.7413272857666,87.29608917236328,-22.661069869995117,0.6500150561332703,-0.3126850128173828,0.0018320083618164062,29.020099639892578
1765409534.0913205,2270394,0,18.840028762817383,87.37773132324219,-22.508052825927734,0.6513471007347107,-0.3131650686264038,0.0009540021419525146,29.020099639892578
1765409534.0917475,2275700,0,18.82768440246582,87.35670471191406,-22.64020347595215,0.6510830521583557,-0.31161606311798096,0.0013480186462402344,29.020099639892578
1765409534.0921795,2281053,0,18.76299476623535,87.37460327148438,-22.55385971069336,0.6504380702972412,-0.31012505292892456,0.00113600492477417,29.020099639892578
1765409534.092682,2286359,0,18.724288940429688,87.33758544921875,-22.576547622680664,0.6502110362052917,-0.30859804153442383,0.0009920001029968262,29.020099639892578
1765409534.1603558,2291712,0,18.796016693115234,87.36825561523438,-22.489198684692383,0.6509641408920288,-0.30875104665756226,0.0008200407028198242,29.020099639892578
1765409534.1611538,2297064,0,18.894603729248047,87.24375915527344,-22.57506561279297,0.6491450667381287,-0.309965044260025,0.0013980269432067871,29.020099639892578
1765409534.1619487,2302370,0,18.8167781829834,87.47095489501953,-22.57805061340332,0.653558075428009,-0.30792805552482605,0.0013619959354400635,29.020099639892578
1765409534.1626606,2307723,0,18.74298858642578,87.42964935302734,-22.469850540161133,0.6532840728759766,-0.3059620261192322,0.0008410215377807617,29.020099639892578
1765409534.1632922,2313076,0,18.848339080810547,87.3635482788086,-22.489755630493164,0.6515140533447266,-0.3083120584487915,0.0017040371894836426,29.020099639892578
1765409534.1639864,2318382,0,18.77313232421875,87.38639831542969,-22.57830238342285,0.6513420939445496,-0.30671006441116333,0.001368016004562378,29.020099639892578
1765409534.164654,2323735,0,18.807693481445312,87.36241149902344,-22.642990112304688,0.6510831117630005,-0.30784106254577637,0.0017280280590057373,29.020099639892578
1765409534.165439,2329088,0,18.53216552734375,87.34060668945312,-22.537790298461914,0.6509960889816284,-0.30200302600860596,0.0015240013599395752,29.020099639892578
1765409534.165989,2334394,0,18.71811866760254,87.31847381591797,-22.469125747680664,0.6507861018180847,-0.3063710331916809,0.002030014991760254,29.020099639892578
1765409534.166455,2339746,0,18.756370544433594,87.3925552368164,-22.57871437072754,0.6526591181755066,-0.30648502707481384,0.0017230212688446045,28.913925170898438
1765409534.1668925,2345053,0,18.818321228027344,87.44401550292969,-22.577381134033203,0.6532670855522156,-0.3086530566215515,0.0013610124588012695,29.020099639892578
1765409534.1673317,2350405,0,18.537578582763672,87.31685638427734,-22.645883560180664,0.6511701345443726,-0.3034880459308624,0.001547008752822876,29.020099639892578
1765409534.1677668,2355758,0,18.81969451904297,87.43560028076172,-22.51144790649414,0.6519281268119812,-0.30937305092811584,0.002339005470275879,29.020099639892578
1765409534.1682112,2361064,0,18.78551483154297,87.54561614990234,-22.578327178955078,0.6544090509414673,-0.3082490563392639,0.0014960169792175293,29.020099639892578
1765409534.229852,2366417,0,18.66828155517578,87.34898376464844,-22.533740997314453,0.6505391001701355,-0.3075530230998993,0.0011460185050964355,29.020099639892578
1765409534.2303565,2371770,0,18.813182830810547,87.27190399169922,-22.5970516204834,0.6484341025352478,-0.3100440800189972,0.001690983772277832,29.020099639892578
1765409534.230807,2377076,0,18.801820755004883,87.34486389160156,-22.597436904907227,0.6511390209197998,-0.31023505330085754,0.0013529956340789795,29.020099639892578
1765409534.2312565,2382429,0,18.813600540161133,87.29639434814453,-22.596696853637695,0.6487221121788025,-0.31075403094291687,0.0016750097274780273,29.020099639892578
1765409534.231697,2387735,0,18.590457916259766,87.34453582763672,-22.423967361450195,0.6513530611991882,-0.30869001150131226,0.0017729997634887695,29.020099639892578
1765409534.23214,2393088,0,18.83475685119629,87.36814880371094,-22.595746994018555,0.6514400839805603,-0.3127540349960327,0.0011550188064575195,29.020099639892578
1765409534.2325702,2398440,0,18.790584564208984,87.29653930664062,-22.508472442626953,0.6472861170768738,-0.31154704093933105,0.0011029839515686035,29.020099639892578
1765409534.2329981,2403746,0,18.598020553588867,87.48701477050781,-22.55630874633789,0.6523181796073914,-0.3077520430088043,0.0010890364646911621,29.020099639892578
1765409534.2334332,2409099,0,18.705556869506836,87.44316864013672,-22.511184692382812,0.6526690721511841,-0.3097440302371979,0.0017940402030944824,29.020099639892578
1765409534.2338634,2414452,0,18.70751953125,87.49703979492188,-22.61997413635254,0.6537110805511475,-0.31049105525016785,0.0007829964160919189,29.020099639892578
1765409534.2342982,2419758,0,18.72693634033203,87.35908508300781,-22.59745979309082,0.6500610113143921,-0.31004902720451355,0.0009669959545135498,29.020099639892578
1765409534.2347302,2425111,0,18.672733306884766,87.57408905029297,-22.533742904663086,0.654987096786499,-0.3100360333919525,0.0019299983978271484,29.020099639892578
1765409534.2351687,2430464,0,18.752443313598633,87.38677215576172,-22.422611236572266,0.651211142539978,-0.3110170364379883,0.002285003662109375,29.020099639892578
1765409534.2994468,2435770,0,18.71237564086914,87.33814239501953,-22.619644165039062,0.650653064250946,-0.30985406041145325,0.0018390119075775146,29.020099639892578
1765409534.3000085,2441122,0,18.785137176513672,87.54235076904297,-22.489482879638672,0.6548261046409607,-0.31034502387046814,0.0014550089836120605,29.020099639892578
1765409534.3004715,2446429,0,18.80085563659668,87.39198303222656,-22.55349349975586,0.6512650847434998,-0.31092801690101624,0.00131303071975708,29.020099639892578
1765409534.3009148,2451781,0,18.643659591674805,87.43992614746094,-22.511518478393555,0.6526350975036621,-0.3089980483055115,0.0011040270328521729,29.020099639892578
1765409534.3013587,2457134,0,18.837169647216797,87.4363021850586,-22.553796768188477,0.6523830890655518,-0.3110060393810272,0.0014910101890563965,29.020099639892578
1765409534.3018005,2462440,0,18.768962860107422,87.33760833740234,-22.487817764282227,0.650654137134552,-0.31053707003593445,0.0009670257568359375,29.020099639892578
1765409534.3022723,2467793,0,18.75770378112793,87.31158447265625,-22.620439529418945,0.6490680575370789,-0.30830708146095276,0.0018620193004608154,29.020099639892578
1765409534.3027086,2473146,0,18.75555419921875,87.26292419433594,-22.576271057128906,0.6493600606918335,-0.30827707052230835,0.000858008861541748,29.020099639892578
1765409534.3031487,2478452,0,18.719627380371094,87.21897888183594,-22.576114654541016,0.6482430696487427,-0.30819806456565857,0.0011900067329406738,29.020099639892578
1765409534.303578,2483805,0,18.926403045654297,87.52308654785156,-22.59824562072754,0.6537551283836365,-0.3106790781021118,0.0015169978141784668,29.020099639892578
1765409534.304008,2489157,0,18.923677444458008,87.37791442871094,-22.597288131713867,0.6514971256256104,-0.31100305914878845,0.0022239983081817627,29.020099639892578
1765409534.3044415,2494464,0,18.752037048339844,87.56461334228516,-22.514108657836914,0.6533461213111877,-0.30643704533576965,0.0016370117664337158,28.913925170898438
1765409534.3048708,2499816,0,18.705448150634766,87.25965118408203,-22.468708038330078,0.6488741636276245,-0.30623704195022583,0.001855015754699707,29.020099639892578
1765409534.3731182,2505122,0,18.743024826049805,87.28044891357422,-22.534748077392578,0.6497181057929993,-0.30563902854919434,0.001555025577545166,29.020099639892578
1765409534.37366,2510475,0,18.79993438720703,87.32701110839844,-22.665508270263672,0.650873064994812,-0.30668705701828003,0.0019290149211883545,29.020099639892578
1765409534.3741107,2515828,0,18.67964744567871,87.41011810302734,-22.557619094848633,0.6520200967788696,-0.3055570423603058,0.001855999231338501,29.020099639892578
1765409534.3745933,2521134,0,18.85804557800293,87.3993911743164,-22.554914474487305,0.6513030529022217,-0.30880606174468994,0.0010170042514801025,29.020099639892578
1765409534.375028,2526487,0,18.881206512451172,87.26373291015625,-22.663312911987305,0.6476820111274719,-0.30843108892440796,0.0007230043411254883,29.020099639892578
1765409534.3754728,2531840,0,18.939029693603516,87.42660522460938,-22.663599014282227,0.6507760882377625,-0.309812068939209,0.0013769865036010742,29.020099639892578
1765409534.3759062,2537146,0,18.813316345214844,87.52156829833984,-22.49054527282715,0.6545571088790894,-0.3085740804672241,0.001323014497756958,29.020099639892578
1765409534.3763475,2542498,0,18.788816452026367,87.2995834350586,-22.44598960876465,0.6491261124610901,-0.307608038187027,0.0015050172805786133,29.020099639892578
1765409534.376779,2547851,0,18.79172134399414,87.34988403320312,-22.51081085205078,0.6497170925140381,-0.30906108021736145,0.0014890432357788086,29.020099639892578
1765409534.3772182,2553157,0,18.759878158569336,87.40438079833984,-22.55569839477539,0.6507331132888794,-0.3079640567302704,0.0016640126705169678,29.020099639892578
1765409534.3776503,2558510,0,18.778602600097656,87.39576721191406,-22.55426025390625,0.6494131088256836,-0.309624046087265,0.0012919902801513672,29.020099639892578
1765409534.3780792,2563816,0,18.62364959716797,87.37018585205078,-22.533267974853516,0.6508011817932129,-0.3084200620651245,0.0011140108108520508,29.020099639892578
1765409534.3785157,2569169,0,18.628271102905273,87.4939956665039,-22.55581283569336,0.6536580324172974,-0.30880504846572876,0.0014429986476898193,29.020099639892578
1765409534.3789492,2574522,0,18.73189926147461,87.37440490722656,-22.509586334228516,0.6512921452522278,-0.3111390471458435,0.0012850165367126465,29.020099639892578
1765409534.4424677,2579828,0,18.813434600830078,87.39767456054688,-22.574155807495117,0.6503130793571472,-0.31285205483436584,0.0021300315856933594,29.020099639892578
1765409534.4430697,2585181,0,18.813365936279297,87.34745025634766,-22.50681495666504,0.6510381102561951,-0.31495004892349243,0.0016109943389892578,29.020099639892578
1765409534.4435375,2590533,0,18.723079681396484,87.41863250732422,-22.639833450317383,0.6505650877952576,-0.3124760687351227,0.0010949969291687012,29.020099639892578
1765409534.4442148,2595840,0,18.746963500976562,87.48226165771484,-22.596826553344727,0.6533581018447876,-0.3120340406894684,0.00043201446533203125,29.020099639892578
1765409534.444693,2601192,0,18.620136260986328,87.32123565673828,-22.465225219726562,0.6496791243553162,-0.3115520477294922,0.0012310147285461426,29.020099639892578
1765409534.445214,2606545,0,18.758155822753906,87.38660430908203,-22.552499771118164,0.6512371301651001,-0.3125190734863281,0.0017900168895721436,29.020099639892578
1765409534.4458506,2611851,0,18.587556838989258,87.48385620117188,-22.620384216308594,0.6523200869560242,-0.309751033782959,0.0009070336818695068,29.020099639892578
1765409534.4464154,2617204,0,18.895366668701172,87.29302978515625,-22.615718841552734,0.6483201384544373,-0.31458204984664917,0.0014830231666564941,29.020099639892578
1765409534.4469326,2622510,0,18.69098663330078,87.373779296875,-22.640525817871094,0.651296079158783,-0.31136202812194824,0.0013009905815124512,29.020099639892578
1765409534.4474597,2627863,0,18.597145080566406,87.30916595458984,-22.55486297607422,0.6484450697898865,-0.30812206864356995,0.0012759864330291748,29.020099639892578
1765409534.4479005,2633216,0,18.863933563232422,87.39201354980469,-22.55184555053711,0.6512941122055054,-0.3131110668182373,0.0009660124778747559,29.020099639892578
1765409534.448346,2638522,0,18.736345291137695,87.31500244140625,-22.5310115814209,0.6489530801773071,-0.31121402978897095,0.0017920136451721191,29.020099639892578
1765409534.4487784,2643874,0,18.866989135742188,87.28759765625,-22.618091583251953,0.6488310694694519,-0.31105905771255493,0.0010200142860412598,29.020099639892578
1765409534.5159664,2649227,0,18.780601501464844,87.52218627929688,-22.555391311645508,0.6527070999145508,-0.3092690408229828,0.0011200010776519775,29.020099639892578
1765409534.5165284,2654533,0,18.726383209228516,87.48201751708984,-22.534706115722656,0.652022123336792,-0.3075440526008606,0.0018070340156555176,29.020099639892578
1765409534.5169797,2659886,0,18.795345306396484,87.29495239257812,-22.554058074951172,0.6482651233673096,-0.30912306904792786,0.0015030205249786377,29.020099639892578
1765409534.517425,2665239,0,18.92951202392578,87.41056823730469,-22.553682327270508,0.6508210897445679,-0.31073707342147827,0.0015130043029785156,29.020099639892578
1765409534.5178628,2670545,0,18.784103393554688,87.54412841796875,-22.53523826599121,0.6539600491523743,-0.3075210452079773,0.001998007297515869,29.020099639892578
1765409534.5183043,2675898,0,18.780845642089844,87.49755859375,-22.578184127807617,0.6519850492477417,-0.3078640401363373,0.0016540288925170898,29.020099639892578
1765409534.5187337,2681204,0,18.805011749267578,87.41376495361328,-22.555776596069336,0.6520841121673584,-0.3084850311279297,0.002709031105041504,29.020099639892578
1765409534.5191712,2686557,0,18.749940872192383,87.29620361328125,-22.534547805786133,0.650528073310852,-0.3060690462589264,0.0013870298862457275,29.020099639892578
1765409534.5196,2691909,0,18.582225799560547,87.333984375,-22.536327362060547,0.64969402551651,-0.3040350675582886,0.002007007598876953,29.020099639892578
1765409534.520031,2697216,0,18.797441482543945,87.39816284179688,-22.533536911010742,0.6517081260681152,-0.30875006318092346,0.0023590028285980225,29.020099639892578
1765409534.5204704,2702568,0,18.59487533569336,87.49267578125,-22.55864906311035,0.6523261070251465,-0.3048800528049469,0.0021430253982543945,29.020099639892578
1765409534.5209014,2707921,0,18.6947078704834,87.4616470336914,-22.535043716430664,0.6530410647392273,-0.307140052318573,0.0019969940185546875,29.020099639892578
1765409534.5213385,2713227,0,18.881277084350586,87.38682556152344,-22.488067626953125,0.6518150568008423,-0.3108310401439667,0.0015060007572174072,29.020099639892578
1765409534.5217676,2718580,0,18.724151611328125,87.30967712402344,-22.510494232177734,0.6499060392379761,-0.3092890679836273,0.0014850199222564697,29.020099639892578
1765409534.5858245,2723933,0,18.73974609375,87.36016845703125,-22.532506942749023,0.6500570774078369,-0.3094840347766876,0.0016420185565948486,29.020099639892578
1765409534.5864205,2729239,0,18.71895980834961,87.49142456054688,-22.489816665649414,0.6523690223693848,-0.3092130422592163,0.0014330148696899414,29.020099639892578
1765409534.5868783,2734592,0,18.664180755615234,87.35041809082031,-22.51059341430664,0.6491261124610901,-0.3092820346355438,0.0012640058994293213,29.020099639892578
1765409534.587329,2739898,0,18.718149185180664,87.47586822509766,-22.620046615600586,0.6515860557556152,-0.3102840781211853,0.0016160011291503906,29.020099639892578
1765409534.5877686,2745250,0,18.813936233520508,87.21720886230469,-22.50788688659668,0.6482720375061035,-0.3121550679206848,0.0016649961471557617,29.020099639892578
1765409534.5882118,2750603,0,18.5869140625,87.30138397216797,-22.53331756591797,0.6493951082229614,-0.3076320290565491,0.0009520053863525391,29.020099639892578
1765409534.5886436,2755909,0,18.686031341552734,87.41680908203125,-22.509967803955078,0.6505210399627686,-0.310602068901062,0.0007350146770477295,29.020099639892578
1765409534.589075,2761262,0,18.50996208190918,87.4483642578125,-22.492082595825195,0.652488112449646,-0.3056080639362335,0.0009219944477081299,29.020099639892578
1765409534.5895214,2766615,0,18.78041648864746,87.39472961425781,-22.5087947845459,0.6502810716629028,-0.3124460279941559,0.0017690062522888184,29.020099639892578
1765409534.5899518,2771921,0,18.825939178466797,87.34673309326172,-22.48615837097168,0.6501621007919312,-0.31299906969070435,0.0012820065021514893,29.020099639892578
1765409534.5903893,2777274,0,18.818206787109375,87.33544921875,-22.5081787109375,0.650239109992981,-0.31255605816841125,0.0009570121765136719,29.020099639892578
1765409534.5910733,2782626,0,18.820255279541016,87.4366455078125,-22.595605850219727,0.6509740948677063,-0.3133000433444977,0.0009340345859527588,29.020099639892578
1765409534.5915117,2787933,0,18.653596878051758,87.48045349121094,-22.621084213256836,0.6528780460357666,-0.30878308415412903,0.0009519755840301514,29.020099639892578
1765409534.6547427,2793285,0,18.830764770507812,87.30773162841797,-22.399316787719727,0.6494940519332886,-0.31198903918266296,0.0016230344772338867,29.020099639892578
1765409534.6552548,2798592,0,18.74558448791504,87.35159301757812,-22.510223388671875,0.6510131359100342,-0.30989906191825867,0.0009720325469970703,29.020099639892578
1765409534.655821,2803944,0,18.747764587402344,87.42436218261719,-22.553892135620117,0.6510080695152283,-0.31064003705978394,0.0014500021934509277,29.020099639892578
1765409534.6565096,2809297,0,18.79880142211914,87.44407653808594,-22.509077072143555,0.6527130603790283,-0.3123020529747009,0.0007719993591308594,29.020099639892578
1765409534.6571925,2814603,0,18.828187942504883,87.41920471191406,-22.488466262817383,0.6515580415725708,-0.3105430603027344,0.0016430318355560303,29.020099639892578
1765409534.65788,2819956,0,18.798274993896484,87.3893814086914,-22.509967803955078,0.6508130431175232,-0.31020304560661316,0.0002849996089935303,29.020099639892578
1765409534.658576,2825309,0,18.738203048706055,87.3871078491211,-22.53317642211914,0.6503480672836304,-0.30875903367996216,0.0016430318355560303,29.020099639892578
1765409534.6593387,2830615,0,18.748056411743164,87.323974609375,-22.554285049438477,0.6498531103134155,-0.3092350661754608,0.001497030258178711,29.020099639892578
1765409534.6602664,2835968,0,18.704370498657227,87.38861846923828,-22.489639282226562,0.6512030959129333,-0.30834007263183594,0.0007890164852142334,29.020099639892578
1765409534.6609113,2841320,0,18.93214988708496,87.46139526367188,-22.596210479736328,0.6518470644950867,-0.31288403272628784,0.001489013433456421,29.020099639892578
1765409534.6617575,2846626,0,18.745018005371094,87.30209350585938,-22.533226013183594,0.6500020623207092,-0.3077850639820099,0.0010119974613189697,29.020099639892578
1765409534.662479,2851979,0,18.726591110229492,87.40194702148438,-22.468048095703125,0.6511361002922058,-0.3082520365715027,0.0012950003147125244,29.020099639892578
1765409534.6631896,2857285,0,18.804847717285156,87.427978515625,-22.4887638092041,0.6510281562805176,-0.309920072555542,0.0011210143566131592,29.020099639892578
1765409534.7284098,2862638,0,18.811012268066406,87.49842834472656,-22.57772445678711,0.6520001292228699,-0.30823907256126404,0.000979006290435791,29.020099639892578
